round,epoch,train_loss,train_acc,norm,independence,balancement,seed
0,0,2.4533873036503793,19.453125,BN,iid,balanced,0
0,1,2.0088365323841573,28.3984375,BN,iid,balanced,0
0,2,1.7439861044287681,37.79296875,BN,iid,balanced,0
0,3,1.5343566060997547,44.6484375,BN,iid,balanced,0
0,4,1.3876083305105567,49.39453125,BN,iid,balanced,0
0,5,1.2696281680837274,54.7265625,BN,iid,balanced,0
0,6,1.1136612441390752,60.87890625,BN,iid,balanced,0
0,7,0.9811000405112281,65.0,BN,iid,balanced,0
0,8,0.8229714366490952,71.6796875,BN,iid,balanced,0
0,9,0.7005224723892752,75.76171875,BN,iid,balanced,0
1,0,1.7673148803412915,39.8046875,BN,iid,balanced,0
1,1,1.1092072416562586,61.23046875,BN,iid,balanced,0
1,2,0.6464197711087764,77.734375,BN,iid,balanced,0
1,3,0.7088454475160688,76.015625,BN,iid,balanced,0
1,4,0.5282132353400811,82.34375,BN,iid,balanced,0
1,5,0.3235162610624684,88.18359375,BN,iid,balanced,0
1,6,0.2827905699785333,90.33203125,BN,iid,balanced,0
1,7,0.18586861208714253,93.5546875,BN,iid,balanced,0
1,8,0.09190213415695325,96.9921875,BN,iid,balanced,0
1,9,0.0635054951134407,97.79296875,BN,iid,balanced,0
2,0,1.7554032003507019,43.0859375,BN,iid,balanced,0
2,1,0.9061408031033352,69.16015625,BN,iid,balanced,0
2,2,0.34245703752385453,89.296875,BN,iid,balanced,0
2,3,0.3780922545818612,87.03125,BN,iid,balanced,0
2,4,0.3410232287962572,88.0859375,BN,iid,balanced,0
2,5,0.21078597585624265,92.8125,BN,iid,balanced,0
2,6,0.13196140039646168,95.390625,BN,iid,balanced,0
2,7,0.09139554418987927,97.421875,BN,iid,balanced,0
2,8,0.04846682816766475,98.53515625,BN,iid,balanced,0
2,9,0.021938517059030004,99.43359375,BN,iid,balanced,0
3,0,1.7015042088925838,46.640625,BN,iid,balanced,0
3,1,0.7280325738887768,75.546875,BN,iid,balanced,0
3,2,0.1548053564521979,95.9375,BN,iid,balanced,0
3,3,0.08885647869196873,97.3046875,BN,iid,balanced,0
3,4,0.10769217848423977,96.40625,BN,iid,balanced,0
3,5,0.1660164692114904,93.88671875,BN,iid,balanced,0
3,6,0.14320572672513662,94.98046875,BN,iid,balanced,0
3,7,0.08331854198422661,97.2265625,BN,iid,balanced,0
3,8,0.03541771245310201,98.9453125,BN,iid,balanced,0
3,9,0.011572134862899475,99.66796875,BN,iid,balanced,0
4,0,1.64298179987818,49.1796875,BN,iid,balanced,0
4,1,0.6784918935765745,77.4609375,BN,iid,balanced,0
4,2,0.1557215451110096,95.44921875,BN,iid,balanced,0
4,3,0.05528611545114472,98.49609375,BN,iid,balanced,0
4,4,0.036231368164681046,98.984375,BN,iid,balanced,0
4,5,0.01522877379225065,99.6875,BN,iid,balanced,0
4,6,0.007292217333679218,99.78515625,BN,iid,balanced,0
4,7,0.0024520797354284697,100.0,BN,iid,balanced,0
4,8,0.001150016524820785,100.0,BN,iid,balanced,0
4,9,0.0006970156610123013,100.0,BN,iid,balanced,0
5,0,1.522258128412068,52.6171875,BN,iid,balanced,0
5,1,0.5582922657049494,82.08984375,BN,iid,balanced,0
5,2,0.10413643315541776,97.16796875,BN,iid,balanced,0
5,3,0.02765187875779702,99.39453125,BN,iid,balanced,0
5,4,0.01455427420197566,99.6875,BN,iid,balanced,0
5,5,0.013030522525320975,99.8046875,BN,iid,balanced,0
5,6,0.002337501008844356,99.98046875,BN,iid,balanced,0
5,7,0.0008140440616671186,100.0,BN,iid,balanced,0
5,8,0.0005834231433198056,100.0,BN,iid,balanced,0
5,9,0.0004895957729502242,100.0,BN,iid,balanced,0
6,0,1.4422078340314328,54.55078125,BN,iid,balanced,0
6,1,0.4961616881657392,84.12109375,BN,iid,balanced,0
6,2,0.08581825441447108,98.06640625,BN,iid,balanced,0
6,3,0.022620098991228587,99.58984375,BN,iid,balanced,0
6,4,0.0037827873852165792,100.0,BN,iid,balanced,0
6,5,0.0011530129089237563,100.0,BN,iid,balanced,0
6,6,0.0008400929543938673,100.0,BN,iid,balanced,0
6,7,0.0006885006466404775,100.0,BN,iid,balanced,0
6,8,0.0005899006162508158,100.0,BN,iid,balanced,0
6,9,0.000519429723570397,100.0,BN,iid,balanced,0
7,0,1.4009696770459414,56.171875,BN,iid,balanced,0
7,1,0.5137291250313865,83.88671875,BN,iid,balanced,0
7,2,0.11750944343220908,97.05078125,BN,iid,balanced,0
7,3,0.07381311039389402,98.61328125,BN,iid,balanced,0
7,4,0.0313161070372189,99.375,BN,iid,balanced,0
7,5,0.022477872397803366,99.53125,BN,iid,balanced,0
7,6,0.011021061635096885,99.78515625,BN,iid,balanced,0
7,7,0.0015912003668404396,100.0,BN,iid,balanced,0
7,8,0.000817215087721479,100.0,BN,iid,balanced,0
7,9,0.0006467540824644403,100.0,BN,iid,balanced,0
8,0,1.386220747232437,57.36328125,BN,iid,balanced,0
8,1,0.4359623829339398,86.26953125,BN,iid,balanced,0
8,2,0.07564651280367798,98.41796875,BN,iid,balanced,0
8,3,0.01590651707640518,99.86328125,BN,iid,balanced,0
8,4,0.0028796416866157413,100.0,BN,iid,balanced,0
8,5,0.0011829954370568886,100.0,BN,iid,balanced,0
8,6,0.0008967683394644155,100.0,BN,iid,balanced,0
8,7,0.000742509169162986,100.0,BN,iid,balanced,0
8,8,0.000639317953164209,100.0,BN,iid,balanced,0
8,9,0.0005644555059802769,100.0,BN,iid,balanced,0
9,0,1.3096502910368144,59.53125,BN,iid,balanced,0
9,1,0.4322952695045387,86.8359375,BN,iid,balanced,0
9,2,0.07657533345673073,98.4375,BN,iid,balanced,0
9,3,0.019245699431485262,99.6875,BN,iid,balanced,0
9,4,0.00997426674862254,99.8046875,BN,iid,balanced,0
9,5,0.00341716922462183,100.0,BN,iid,balanced,0
9,6,0.0030194640457921196,99.921875,BN,iid,balanced,0
9,7,0.0024874739914594103,99.921875,BN,iid,balanced,0
9,8,0.0009824817659136898,100.0,BN,iid,balanced,0
9,9,0.0006649305593100507,100.0,BN,iid,balanced,0
10,0,1.2877206786419264,59.140625,BN,iid,balanced,0
10,1,0.41206436067004687,87.2265625,BN,iid,balanced,0
10,2,0.09845655303652165,97.48046875,BN,iid,balanced,0
10,3,0.038485701258741754,99.04296875,BN,iid,balanced,0
10,4,0.017941678358147327,99.74609375,BN,iid,balanced,0
10,5,0.009581626134786348,99.8828125,BN,iid,balanced,0
10,6,0.0021721859441640847,99.921875,BN,iid,balanced,0
10,7,0.0010539137008436228,100.0,BN,iid,balanced,0
10,8,0.0007230254294427141,100.0,BN,iid,balanced,0
10,9,0.000601851515693852,100.0,BN,iid,balanced,0
11,0,1.267319279210642,59.82421875,BN,iid,balanced,0
11,1,0.3894480082053633,87.98828125,BN,iid,balanced,0
11,2,0.07073705671027711,98.26171875,BN,iid,balanced,0
11,3,0.02668610436144263,99.53125,BN,iid,balanced,0
11,4,0.023488343276994783,99.51171875,BN,iid,balanced,0
11,5,0.006353743541058066,99.90234375,BN,iid,balanced,0
11,6,0.0012352084981785082,100.0,BN,iid,balanced,0
11,7,0.0008429630315390568,100.0,BN,iid,balanced,0
11,8,0.0006873428249946301,100.0,BN,iid,balanced,0
11,9,0.0005889845988804154,100.0,BN,iid,balanced,0
12,0,1.2128220815211535,61.97265625,BN,iid,balanced,0
12,1,0.3461074027516588,89.453125,BN,iid,balanced,0
12,2,0.06381374196171237,98.7890625,BN,iid,balanced,0
12,3,0.025977051027439302,99.4140625,BN,iid,balanced,0
12,4,0.012100810053789246,99.78515625,BN,iid,balanced,0
12,5,0.002215872403439789,100.0,BN,iid,balanced,0
12,6,0.0011310912772501069,100.0,BN,iid,balanced,0
12,7,0.0008702260336690415,100.0,BN,iid,balanced,0
12,8,0.0007297876462416753,100.0,BN,iid,balanced,0
12,9,0.0006354832305760283,100.0,BN,iid,balanced,0
13,0,1.166118583176285,63.80859375,BN,iid,balanced,0
13,1,0.31461722493259003,90.3515625,BN,iid,balanced,0
13,2,0.04910448383907351,98.984375,BN,iid,balanced,0
13,3,0.012682847803034747,99.82421875,BN,iid,balanced,0
13,4,0.0031376619414231754,100.0,BN,iid,balanced,0
13,5,0.001415608465515561,100.0,BN,iid,balanced,0
13,6,0.0010308569319590788,100.0,BN,iid,balanced,0
13,7,0.0008502102585168814,100.0,BN,iid,balanced,0
13,8,0.0007310646964469924,100.0,BN,iid,balanced,0
13,9,0.0006448608157313629,100.0,BN,iid,balanced,0
14,0,1.2247059387154877,61.5234375,BN,iid,balanced,0
14,1,0.45309979934390865,85.859375,BN,iid,balanced,0
14,2,0.07520599441122613,98.30078125,BN,iid,balanced,0
14,3,0.01582574160479453,99.82421875,BN,iid,balanced,0
14,4,0.004390558816112389,100.0,BN,iid,balanced,0
14,5,0.0034781593046091077,99.921875,BN,iid,balanced,0
14,6,0.006829338115835526,99.86328125,BN,iid,balanced,0
14,7,0.010377712680156036,99.86328125,BN,iid,balanced,0
14,8,0.008973727242755558,99.90234375,BN,iid,balanced,0
14,9,0.000863724399118837,100.0,BN,iid,balanced,0
15,0,1.1655509289354087,61.93359375,BN,iid,balanced,0
15,1,0.3735979816701729,88.37890625,BN,iid,balanced,0
15,2,0.05955262473762559,98.80859375,BN,iid,balanced,0
15,3,0.013791192927419616,99.82421875,BN,iid,balanced,0
15,4,0.005608438374019897,99.90234375,BN,iid,balanced,0
15,5,0.001663474906126794,100.0,BN,iid,balanced,0
15,6,0.0009583187564317086,100.0,BN,iid,balanced,0
15,7,0.0007678147819774495,100.0,BN,iid,balanced,0
15,8,0.0006500478987391034,100.0,BN,iid,balanced,0
15,9,0.000567980399409862,100.0,BN,iid,balanced,0
16,0,1.1366279584355652,64.21875,BN,iid,balanced,0
16,1,0.3334255745925475,89.62890625,BN,iid,balanced,0
16,2,0.06945692381123081,98.359375,BN,iid,balanced,0
16,3,0.018869000302402128,99.7265625,BN,iid,balanced,0
16,4,0.006113860581558583,99.921875,BN,iid,balanced,0
16,5,0.0025182330509437635,100.0,BN,iid,balanced,0
16,6,0.0012405951477603594,100.0,BN,iid,balanced,0
16,7,0.0009622310142788137,100.0,BN,iid,balanced,0
16,8,0.0008103707358259271,100.0,BN,iid,balanced,0
16,9,0.0007068449216376393,100.0,BN,iid,balanced,0
17,0,1.0419250686885788,67.421875,BN,iid,balanced,0
17,1,0.2788669860266964,91.4453125,BN,iid,balanced,0
17,2,0.042799303232823147,99.2578125,BN,iid,balanced,0
17,3,0.011045831951059881,99.86328125,BN,iid,balanced,0
17,4,0.00916819700000815,99.90234375,BN,iid,balanced,0
17,5,0.0022029931306178697,100.0,BN,iid,balanced,0
17,6,0.0014147075493838202,100.0,BN,iid,balanced,0
17,7,0.0009465122596338915,100.0,BN,iid,balanced,0
17,8,0.0007837519099666678,100.0,BN,iid,balanced,0
17,9,0.0006792738128069686,100.0,BN,iid,balanced,0
18,0,1.044404303841293,66.69921875,BN,iid,balanced,0
18,1,0.25832852422063296,92.1875,BN,iid,balanced,0
18,2,0.04617300097916086,99.08203125,BN,iid,balanced,0
18,3,0.009151708324316133,99.9609375,BN,iid,balanced,0
18,4,0.002500122071364785,100.0,BN,iid,balanced,0
18,5,0.0014636054733841775,100.0,BN,iid,balanced,0
18,6,0.0011383626365613964,100.0,BN,iid,balanced,0
18,7,0.0009459364003873815,100.0,BN,iid,balanced,0
18,8,0.0008138561350108375,100.0,BN,iid,balanced,0
18,9,0.0007166157283904795,100.0,BN,iid,balanced,0
19,0,1.0425045143812894,66.640625,BN,iid,balanced,0
19,1,0.304543156879663,90.703125,BN,iid,balanced,0
19,2,0.053193658581221825,98.9453125,BN,iid,balanced,0
19,3,0.02121528099523857,99.765625,BN,iid,balanced,0
19,4,0.009046743050566875,99.90234375,BN,iid,balanced,0
19,5,0.0039025538137138936,99.921875,BN,iid,balanced,0
19,6,0.0050007717211883575,99.8828125,BN,iid,balanced,0
19,7,0.0013970572922062275,100.0,BN,iid,balanced,0
19,8,0.0009161556548633598,100.0,BN,iid,balanced,0
19,9,0.0007677388926140338,100.0,BN,iid,balanced,0
20,0,1.009429533034563,68.4765625,BN,iid,balanced,0
20,1,0.2553692968256655,92.36328125,BN,iid,balanced,0
20,2,0.046562628551873785,99.1015625,BN,iid,balanced,0
20,3,0.009853329753605066,99.9609375,BN,iid,balanced,0
20,4,0.0029252757765334536,100.0,BN,iid,balanced,0
20,5,0.001505087206396638,100.0,BN,iid,balanced,0
20,6,0.0011248712621636514,100.0,BN,iid,balanced,0
20,7,0.0009251330981442152,100.0,BN,iid,balanced,0
20,8,0.0007903803354111005,100.0,BN,iid,balanced,0
20,9,0.0006922965652847779,100.0,BN,iid,balanced,0
21,0,0.9962232462130487,68.90625,BN,iid,balanced,0
21,1,0.25918613844878563,92.16796875,BN,iid,balanced,0
21,2,0.0382769700042445,99.39453125,BN,iid,balanced,0
21,3,0.006003941439303162,100.0,BN,iid,balanced,0
21,4,0.002305305519803369,100.0,BN,iid,balanced,0
21,5,0.0016176465362377711,100.0,BN,iid,balanced,0
21,6,0.0012774419612469501,100.0,BN,iid,balanced,0
21,7,0.001062082402586384,100.0,BN,iid,balanced,0
21,8,0.0009114213063867282,100.0,BN,iid,balanced,0
21,9,0.0007995131945563117,100.0,BN,iid,balanced,0
22,0,0.9579073340632022,69.9609375,BN,iid,balanced,0
22,1,0.23664379521942464,92.8125,BN,iid,balanced,0
22,2,0.050888663603200254,99.0234375,BN,iid,balanced,0
22,3,0.01357315516647759,99.78515625,BN,iid,balanced,0
22,4,0.003549842050688312,100.0,BN,iid,balanced,0
22,5,0.0017609668577392768,100.0,BN,iid,balanced,0
22,6,0.00128824067937785,100.0,BN,iid,balanced,0
22,7,0.00105309080911411,100.0,BN,iid,balanced,0
22,8,0.0008966140306938541,100.0,BN,iid,balanced,0
22,9,0.0007833238535113196,100.0,BN,iid,balanced,0
23,0,0.9205812117084861,71.09375,BN,iid,balanced,0
23,1,0.19923378733838035,94.39453125,BN,iid,balanced,0
23,2,0.029324250658646633,99.62890625,BN,iid,balanced,0
23,3,0.0062060554844720174,99.98046875,BN,iid,balanced,0
23,4,0.0023995323027065753,100.0,BN,iid,balanced,0
23,5,0.0016806615376708579,100.0,BN,iid,balanced,0
23,6,0.0013295419604219204,100.0,BN,iid,balanced,0
23,7,0.001105463612202584,100.0,BN,iid,balanced,0
23,8,0.0009477634499489796,100.0,BN,iid,balanced,0
23,9,0.0008303186867124168,100.0,BN,iid,balanced,0
24,0,0.9333607309497893,69.74609375,BN,iid,balanced,0
24,1,0.21152604014496318,94.0234375,BN,iid,balanced,0
24,2,0.03152565965856411,99.58984375,BN,iid,balanced,0
24,3,0.00597626563940139,100.0,BN,iid,balanced,0
24,4,0.002594854618928366,100.0,BN,iid,balanced,0
24,5,0.0018470884586804458,100.0,BN,iid,balanced,0
24,6,0.0014651502428478125,100.0,BN,iid,balanced,0
24,7,0.001220834303717311,100.0,BN,iid,balanced,0
24,8,0.0010493976292309526,100.0,BN,iid,balanced,0
24,9,0.0009217823796006996,100.0,BN,iid,balanced,0
25,0,0.914175008609891,70.99609375,BN,iid,balanced,0
25,1,0.21947030162846204,93.14453125,BN,iid,balanced,0
25,2,0.02937994607782457,99.62890625,BN,iid,balanced,0
25,3,0.005301482795857737,100.0,BN,iid,balanced,0
25,4,0.0023547964484350813,100.0,BN,iid,balanced,0
25,5,0.0017115345283855276,100.0,BN,iid,balanced,0
25,6,0.001363525143779043,100.0,BN,iid,balanced,0
25,7,0.001136405803345042,100.0,BN,iid,balanced,0
25,8,0.0009754533100931439,100.0,BN,iid,balanced,0
25,9,0.000855214548710137,100.0,BN,iid,balanced,0
26,0,0.9132085068151354,71.171875,BN,iid,balanced,0
26,1,0.22799480974208564,93.5546875,BN,iid,balanced,0
26,2,0.039775956562516514,99.5703125,BN,iid,balanced,0
26,3,0.00937416702408882,99.86328125,BN,iid,balanced,0
26,4,0.009603570131275774,99.82421875,BN,iid,balanced,0
26,5,0.00502808789979099,99.921875,BN,iid,balanced,0
26,6,0.0027518347519617237,100.0,BN,iid,balanced,0
26,7,0.0017847360984887927,100.0,BN,iid,balanced,0
26,8,0.0011853736735702113,100.0,BN,iid,balanced,0
26,9,0.000995368419762599,100.0,BN,iid,balanced,0
27,0,0.906892831879668,71.15234375,BN,iid,balanced,0
27,1,0.21601600784852054,93.9453125,BN,iid,balanced,0
27,2,0.03202205492307257,99.58984375,BN,iid,balanced,0
27,3,0.006239938091584918,99.98046875,BN,iid,balanced,0
27,4,0.00242104959770586,100.0,BN,iid,balanced,0
27,5,0.0016546202406971134,100.0,BN,iid,balanced,0
27,6,0.0012888797504274408,100.0,BN,iid,balanced,0
27,7,0.0010575834964811292,100.0,BN,iid,balanced,0
27,8,0.0008971845517862676,100.0,BN,iid,balanced,0
27,9,0.0007793199658181038,100.0,BN,iid,balanced,0
28,0,0.8849017364438623,71.9921875,BN,iid,balanced,0
28,1,0.24289393838698742,93.02734375,BN,iid,balanced,0
28,2,0.05380650471906847,98.984375,BN,iid,balanced,0
28,3,0.009383824710630507,99.94140625,BN,iid,balanced,0
28,4,0.002741292320615685,100.0,BN,iid,balanced,0
28,5,0.001725603775480522,100.0,BN,iid,balanced,0
28,6,0.001344941219053908,100.0,BN,iid,balanced,0
28,7,0.0011092710798720872,100.0,BN,iid,balanced,0
28,8,0.0009459855706154485,100.0,BN,iid,balanced,0
28,9,0.000825741180165096,100.0,BN,iid,balanced,0
29,0,0.8556796492543072,73.125,BN,iid,balanced,0
29,1,0.2016154977864062,94.4921875,BN,iid,balanced,0
29,2,0.02717021826429118,99.765625,BN,iid,balanced,0
29,3,0.0065670676416630155,100.0,BN,iid,balanced,0
29,4,0.003283917462977115,100.0,BN,iid,balanced,0
29,5,0.0018482631834558561,100.0,BN,iid,balanced,0
29,6,0.0014199545666997437,100.0,BN,iid,balanced,0
29,7,0.001179163831511687,100.0,BN,iid,balanced,0
29,8,0.001010541847335844,100.0,BN,iid,balanced,0
29,9,0.0008852272028889274,100.0,BN,iid,balanced,0
30,0,0.8006947375368327,74.19921875,BN,iid,balanced,0
30,1,0.18747051080717939,94.6875,BN,iid,balanced,0
30,2,0.030013489156408467,99.51171875,BN,iid,balanced,0
30,3,0.007804566997219808,99.84375,BN,iid,balanced,0
30,4,0.0035051851293701475,100.0,BN,iid,balanced,0
30,5,0.0017492824855253274,100.0,BN,iid,balanced,0
30,6,0.0012688464584698523,100.0,BN,iid,balanced,0
30,7,0.0010239578589334997,100.0,BN,iid,balanced,0
30,8,0.0008614796393885627,100.0,BN,iid,balanced,0
30,9,0.0007449311313393991,100.0,BN,iid,balanced,0
31,0,0.779846259392798,74.765625,BN,iid,balanced,0
31,1,0.18023263700197276,95.1953125,BN,iid,balanced,0
31,2,0.02758443605162029,99.62890625,BN,iid,balanced,0
31,3,0.005204882836005708,100.0,BN,iid,balanced,0
31,4,0.0023968948682068004,100.0,BN,iid,balanced,0
31,5,0.0017102306073866202,100.0,BN,iid,balanced,0
31,6,0.001353286177618429,100.0,BN,iid,balanced,0
31,7,0.0011223936567603232,100.0,BN,iid,balanced,0
31,8,0.0009599896832696686,100.0,BN,iid,balanced,0
31,9,0.000839392410534856,100.0,BN,iid,balanced,0
32,0,0.802992663194891,75.5078125,BN,iid,balanced,0
32,1,0.20218385869811756,94.04296875,BN,iid,balanced,0
32,2,0.044023421656675055,99.31640625,BN,iid,balanced,0
32,3,0.014889182929437084,99.74609375,BN,iid,balanced,0
32,4,0.013460203888189425,99.90234375,BN,iid,balanced,0
32,5,0.002453515569141018,100.0,BN,iid,balanced,0
32,6,0.0015871029008849291,100.0,BN,iid,balanced,0
32,7,0.001251711088934826,100.0,BN,iid,balanced,0
32,8,0.0010508725332329049,100.0,BN,iid,balanced,0
32,9,0.000910289494868266,100.0,BN,iid,balanced,0
33,0,0.7801885157357902,75.78125,BN,iid,balanced,0
33,1,0.1741591852158308,95.390625,BN,iid,balanced,0
33,2,0.02366533051890656,99.78515625,BN,iid,balanced,0
33,3,0.005356582295144107,99.98046875,BN,iid,balanced,0
33,4,0.002400081395944653,100.0,BN,iid,balanced,0
33,5,0.0017159484068542952,100.0,BN,iid,balanced,0
33,6,0.0013546560780241634,100.0,BN,iid,balanced,0
33,7,0.001122003124623916,100.0,BN,iid,balanced,0
33,8,0.000959297614076604,100.0,BN,iid,balanced,0
33,9,0.0008391395631861087,100.0,BN,iid,balanced,0
34,0,0.8079422357026488,74.39453125,BN,iid,balanced,0
34,1,0.19801336671662284,94.23828125,BN,iid,balanced,0
34,2,0.03190739298206609,99.53125,BN,iid,balanced,0
34,3,0.006470949685262894,100.0,BN,iid,balanced,0
34,4,0.0026458504649326644,100.0,BN,iid,balanced,0
34,5,0.001831437670807645,100.0,BN,iid,balanced,0
34,6,0.001436692810830209,100.0,BN,iid,balanced,0
34,7,0.0011869165236021218,100.0,BN,iid,balanced,0
34,8,0.0010127686207852093,100.0,BN,iid,balanced,0
34,9,0.000884378600267155,100.0,BN,iid,balanced,0
35,0,0.8148113801609724,75.64453125,BN,iid,balanced,0
35,1,0.17792459589836654,95.3515625,BN,iid,balanced,0
35,2,0.03012331459467532,99.53125,BN,iid,balanced,0
35,3,0.010007710451827734,99.82421875,BN,iid,balanced,0
35,4,0.0035193788948163275,99.98046875,BN,iid,balanced,0
35,5,0.0018207037217507604,100.0,BN,iid,balanced,0
35,6,0.0013945039901045674,100.0,BN,iid,balanced,0
35,7,0.0011430745846155333,100.0,BN,iid,balanced,0
35,8,0.0009730351669531955,100.0,BN,iid,balanced,0
35,9,0.0008491989503454534,100.0,BN,iid,balanced,0
36,0,0.7380856046453118,76.9140625,BN,iid,balanced,0
36,1,0.1546037310617976,95.9765625,BN,iid,balanced,0
36,2,0.023952940005801792,99.74609375,BN,iid,balanced,0
36,3,0.007624740354685855,99.94140625,BN,iid,balanced,0
36,4,0.0025931673110335396,100.0,BN,iid,balanced,0
36,5,0.0017461911346799753,100.0,BN,iid,balanced,0
36,6,0.001377764144945104,100.0,BN,iid,balanced,0
36,7,0.0011462026210892872,100.0,BN,iid,balanced,0
36,8,0.000983972703170366,100.0,BN,iid,balanced,0
36,9,0.0008634374009716339,100.0,BN,iid,balanced,0
37,0,0.7657432082225568,76.7578125,BN,iid,balanced,0
37,1,0.17758866581389157,94.98046875,BN,iid,balanced,0
37,2,0.031063480851298664,99.58984375,BN,iid,balanced,0
37,3,0.006928330691971496,100.0,BN,iid,balanced,0
37,4,0.0025663427180234065,100.0,BN,iid,balanced,0
37,5,0.0017374669413811716,100.0,BN,iid,balanced,0
37,6,0.0013517448013317334,100.0,BN,iid,balanced,0
37,7,0.0011031376485675537,100.0,BN,iid,balanced,0
37,8,0.0009283728570494531,100.0,BN,iid,balanced,0
37,9,0.0007997341119676093,100.0,BN,iid,balanced,0
38,0,0.7371060909703374,76.796875,BN,iid,balanced,0
38,1,0.17398365099506918,94.78515625,BN,iid,balanced,0
38,2,0.025386342657293427,99.74609375,BN,iid,balanced,0
38,3,0.0054832881938637005,99.98046875,BN,iid,balanced,0
38,4,0.0026883644681220177,100.0,BN,iid,balanced,0
38,5,0.001933732204088301,100.0,BN,iid,balanced,0
38,6,0.0015387658276267758,100.0,BN,iid,balanced,0
38,7,0.0012819718890568765,100.0,BN,iid,balanced,0
38,8,0.0011000426455211709,100.0,BN,iid,balanced,0
38,9,0.0009640621694416041,100.0,BN,iid,balanced,0
39,0,0.7864963185507804,74.6875,BN,iid,balanced,0
39,1,0.18764183385283104,94.82421875,BN,iid,balanced,0
39,2,0.03150194602640113,99.5703125,BN,iid,balanced,0
39,3,0.008820451358769788,99.90234375,BN,iid,balanced,0
39,4,0.002753982364993135,100.0,BN,iid,balanced,0
39,5,0.0020358843879876077,100.0,BN,iid,balanced,0
39,6,0.0013824843123529718,100.0,BN,iid,balanced,0
39,7,0.0011320369465465773,100.0,BN,iid,balanced,0
39,8,0.0009619911490972299,100.0,BN,iid,balanced,0
39,9,0.0008377279201795318,100.0,BN,iid,balanced,0
40,0,0.7336464162566699,75.60546875,BN,iid,balanced,0
40,1,0.17583590263457155,94.84375,BN,iid,balanced,0
40,2,0.03155181141937646,99.55078125,BN,iid,balanced,0
40,3,0.007010887119486142,99.98046875,BN,iid,balanced,0
40,4,0.002359012853821696,100.0,BN,iid,balanced,0
40,5,0.0015475032791528065,100.0,BN,iid,balanced,0
40,6,0.0012252589011040981,100.0,BN,iid,balanced,0
40,7,0.001021764243614598,100.0,BN,iid,balanced,0
40,8,0.0008799634483011686,100.0,BN,iid,balanced,0
40,9,0.000775632706995566,100.0,BN,iid,balanced,0
41,0,0.7644047901500016,76.6796875,BN,iid,balanced,0
41,1,0.1855336440479732,94.58984375,BN,iid,balanced,0
41,2,0.0332664369198028,99.296875,BN,iid,balanced,0
41,3,0.010365986220131162,99.8828125,BN,iid,balanced,0
41,4,0.015355488855220756,99.8046875,BN,iid,balanced,0
41,5,0.004134991010232625,99.921875,BN,iid,balanced,0
41,6,0.0019088921313596074,100.0,BN,iid,balanced,0
41,7,0.0012476246663482016,100.0,BN,iid,balanced,0
41,8,0.0009879190012270556,100.0,BN,iid,balanced,0
41,9,0.0008512754541243339,100.0,BN,iid,balanced,0
42,0,0.7230850692780223,76.953125,BN,iid,balanced,0
42,1,0.1690207251769607,95.13671875,BN,iid,balanced,0
42,2,0.03608397499665443,99.16015625,BN,iid,balanced,0
42,3,0.00624523768437939,100.0,BN,iid,balanced,0
42,4,0.0025611874783862732,100.0,BN,iid,balanced,0
42,5,0.0017694112359095016,100.0,BN,iid,balanced,0
42,6,0.0013857239007393218,100.0,BN,iid,balanced,0
42,7,0.0011431064142925606,100.0,BN,iid,balanced,0
42,8,0.0009754799644497325,100.0,BN,iid,balanced,0
42,9,0.0008534966856586834,100.0,BN,iid,balanced,0
43,0,0.7154941572807729,77.109375,BN,iid,balanced,0
43,1,0.1739966442975856,95.0390625,BN,iid,balanced,0
43,2,0.025199674244140623,99.84375,BN,iid,balanced,0
43,3,0.004953248000674648,100.0,BN,iid,balanced,0
43,4,0.002577190881311253,100.0,BN,iid,balanced,0
43,5,0.0018800941376866831,100.0,BN,iid,balanced,0
43,6,0.001494030057665441,100.0,BN,iid,balanced,0
43,7,0.0012439681800969992,100.0,BN,iid,balanced,0
43,8,0.0010688115600260063,100.0,BN,iid,balanced,0
43,9,0.0009396842633123015,100.0,BN,iid,balanced,0
44,0,0.6995050402649212,77.734375,BN,iid,balanced,0
44,1,0.17326297674007946,95.25390625,BN,iid,balanced,0
44,2,0.027290440633078106,99.6875,BN,iid,balanced,0
44,3,0.006777236259222263,99.90234375,BN,iid,balanced,0
44,4,0.0029792675547469115,100.0,BN,iid,balanced,0
44,5,0.001745761547863367,100.0,BN,iid,balanced,0
44,6,0.0013511969534192759,100.0,BN,iid,balanced,0
44,7,0.0011118279217498638,100.0,BN,iid,balanced,0
44,8,0.0009491983907992108,100.0,BN,iid,balanced,0
44,9,0.0008320870138959435,100.0,BN,iid,balanced,0
45,0,0.7133738870557863,77.109375,BN,iid,balanced,0
45,1,0.18268270549888257,94.74609375,BN,iid,balanced,0
45,2,0.05297162686838419,99.27734375,BN,iid,balanced,0
45,3,0.015327663318203122,99.82421875,BN,iid,balanced,0
45,4,0.009855223513113742,99.921875,BN,iid,balanced,0
45,5,0.005592038990562287,99.84375,BN,iid,balanced,0
45,6,0.0021458602776874614,100.0,BN,iid,balanced,0
45,7,0.0014189109267135791,100.0,BN,iid,balanced,0
45,8,0.001155528611752743,100.0,BN,iid,balanced,0
45,9,0.000990757222098182,100.0,BN,iid,balanced,0
46,0,0.6815148095585755,79.4140625,BN,iid,balanced,0
46,1,0.14646539669192862,96.23046875,BN,iid,balanced,0
46,2,0.018682708577398444,99.86328125,BN,iid,balanced,0
46,3,0.004411813292790612,100.0,BN,iid,balanced,0
46,4,0.002442410176126941,100.0,BN,iid,balanced,0
46,5,0.0018061743697217025,100.0,BN,iid,balanced,0
46,6,0.0014466374750099931,100.0,BN,iid,balanced,0
46,7,0.0012121077742449416,100.0,BN,iid,balanced,0
46,8,0.0010471329037955001,100.0,BN,iid,balanced,0
46,9,0.0009255449358079205,100.0,BN,iid,balanced,0
47,0,0.7144997057504952,77.32421875,BN,iid,balanced,0
47,1,0.163296831183834,95.56640625,BN,iid,balanced,0
47,2,0.025202605700360436,99.70703125,BN,iid,balanced,0
47,3,0.005109545437244378,100.0,BN,iid,balanced,0
47,4,0.0025733429713909574,100.0,BN,iid,balanced,0
47,5,0.0018620187661781528,100.0,BN,iid,balanced,0
47,6,0.0014893582672357297,100.0,BN,iid,balanced,0
47,7,0.0012470341153402841,100.0,BN,iid,balanced,0
47,8,0.0010760794934071781,100.0,BN,iid,balanced,0
47,9,0.0009492901143403287,100.0,BN,iid,balanced,0
48,0,0.6599156493597548,79.19921875,BN,iid,balanced,0
48,1,0.139539278709708,96.03515625,BN,iid,balanced,0
48,2,0.019700362900766776,99.8046875,BN,iid,balanced,0
48,3,0.004297056957875611,100.0,BN,iid,balanced,0
48,4,0.0024402520090006873,100.0,BN,iid,balanced,0
48,5,0.0017994901165366173,100.0,BN,iid,balanced,0
48,6,0.001447368201388599,100.0,BN,iid,balanced,0
48,7,0.0012173144031748962,100.0,BN,iid,balanced,0
48,8,0.001055388062604834,100.0,BN,iid,balanced,0
48,9,0.0009354390929729561,100.0,BN,iid,balanced,0
49,0,0.7039600416610483,77.890625,BN,iid,balanced,0
49,1,0.16565880780981387,95.390625,BN,iid,balanced,0
49,2,0.027416260722384324,99.58984375,BN,iid,balanced,0
49,3,0.005988915358466329,99.98046875,BN,iid,balanced,0
49,4,0.002488688937000916,100.0,BN,iid,balanced,0
49,5,0.001807345969382368,100.0,BN,iid,balanced,0
49,6,0.0014389957481398597,100.0,BN,iid,balanced,0
49,7,0.001202159371655398,100.0,BN,iid,balanced,0
49,8,0.00103805939254471,100.0,BN,iid,balanced,0
49,9,0.0009183787441315872,100.0,BN,iid,balanced,0
